brand_name,space_name,made_by
LearnHub,Campus 1,Arindam_Singh_2K22_EC_049
StudyNest,Campus 2,Arindam_Singh_2K22_EC_049
LearnHub,Campus 3,Arindam_Singh_2K22_EC_049
StudyNest,Campus 4,Arindam_Singh_2K22_EC_049
Knowledge Point,Campus 5,Arindam_Singh_2K22_EC_049
StudyNest,Campus 6,Arindam_Singh_2K22_EC_049
Knowledge Point,Campus 7,Arindam_Singh_2K22_EC_049
StudyNest,Campus 8,Arindam_Singh_2K22_EC_049
Knowledge Point,Campus 9,Arindam_Singh_2K22_EC_049
LearnHub,Campus 10,Arindam_Singh_2K22_EC_049
LearnHub,Campus 11,Arindam_Singh_2K22_EC_049
LearnHub,Campus 12,Arindam_Singh_2K22_EC_049
Knowledge Point,Campus 13,Arindam_Singh_2K22_EC_049
Knowledge Point,Campus 14,Arindam_Singh_2K22_EC_049
StudyNest,Campus 15,Arindam_Singh_2K22_EC_049
StudyNest,Campus 16,Arindam_Singh_2K22_EC_049
LearnHub,Campus 17,Arindam_Singh_2K22_EC_049
StudyNest,Campus 18,Arindam_Singh_2K22_EC_049
LearnHub,Campus 19,Arindam_Singh_2K22_EC_049
Knowledge Point,Campus 20,Arindam_Singh_2K22_EC_049
StudyNest,Campus 21,Arindam_Singh_2K22_EC_049
Knowledge Point,Campus 22,Arindam_Singh_2K22_EC_049
EduSpace,Campus 23,Arindam_Singh_2K22_EC_049
StudyNest,Campus 24,Arindam_Singh_2K22_EC_049
EduSpace,Campus 25,Arindam_Singh_2K22_EC_049
StudyNest,Campus 26,Arindam_Singh_2K22_EC_049
LearnHub,Campus 27,Arindam_Singh_2K22_EC_049
EduSpace,Campus 28,Arindam_Singh_2K22_EC_049
Knowledge Point,Campus 29,Arindam_Singh_2K22_EC_049
Knowledge Point,Campus 30,Arindam_Singh_2K22_EC_049
EduSpace,Campus 31,Arindam_Singh_2K22_EC_049
StudyNest,Campus 32,Arindam_Singh_2K22_EC_049
Knowledge Point,Campus 33,Arindam_Singh_2K22_EC_049
Knowledge Point,Campus 34,Arindam_Singh_2K22_EC_049
Knowledge Point,Campus 35,Arindam_Singh_2K22_EC_049
EduSpace,Campus 36,Arindam_Singh_2K22_EC_049
Knowledge Point,Campus 37,Arindam_Singh_2K22_EC_049
EduSpace,Campus 38,Arindam_Singh_2K22_EC_049
LearnHub,Campus 39,Arindam_Singh_2K22_EC_049
LearnHub,Campus 40,Arindam_Singh_2K22_EC_049
Knowledge Point,Campus 41,Arindam_Singh_2K22_EC_049
LearnHub,Campus 42,Arindam_Singh_2K22_EC_049
Knowledge Point,Campus 43,Arindam_Singh_2K22_EC_049
Knowledge Point,Campus 44,Arindam_Singh_2K22_EC_049
EduSpace,Campus 45,Arindam_Singh_2K22_EC_049
LearnHub,Campus 46,Arindam_Singh_2K22_EC_049
EduSpace,Campus 47,Arindam_Singh_2K22_EC_049
LearnHub,Campus 48,Arindam_Singh_2K22_EC_049
LearnHub,Campus 49,Arindam_Singh_2K22_EC_049
StudyNest,Campus 50,Arindam_Singh_2K22_EC_049
EduSpace,Campus 51,Arindam_Singh_2K22_EC_049
LearnHub,Campus 52,Arindam_Singh_2K22_EC_049
LearnHub,Campus 53,Arindam_Singh_2K22_EC_049
Knowledge Point,Campus 54,Arindam_Singh_2K22_EC_049
Knowledge Point,Campus 55,Arindam_Singh_2K22_EC_049
EduSpace,Campus 56,Arindam_Singh_2K22_EC_049
EduSpace,Campus 57,Arindam_Singh_2K22_EC_049
Knowledge Point,Campus 58,Arindam_Singh_2K22_EC_049
EduSpace,Campus 59,Arindam_Singh_2K22_EC_049
StudyNest,Campus 60,Arindam_Singh_2K22_EC_049
EduSpace,Campus 61,Arindam_Singh_2K22_EC_049
LearnHub,Campus 62,Arindam_Singh_2K22_EC_049
StudyNest,Campus 63,Arindam_Singh_2K22_EC_049
EduSpace,Campus 64,Arindam_Singh_2K22_EC_049
StudyNest,Campus 65,Arindam_Singh_2K22_EC_049
LearnHub,Campus 66,Arindam_Singh_2K22_EC_049
LearnHub,Campus 67,Arindam_Singh_2K22_EC_049
Knowledge Point,Campus 68,Arindam_Singh_2K22_EC_049
LearnHub,Campus 69,Arindam_Singh_2K22_EC_049
Knowledge Point,Campus 70,Arindam_Singh_2K22_EC_049
StudyNest,Campus 71,Arindam_Singh_2K22_EC_049
Knowledge Point,Campus 72,Arindam_Singh_2K22_EC_049
EduSpace,Campus 73,Arindam_Singh_2K22_EC_049
StudyNest,Campus 74,Arindam_Singh_2K22_EC_049
LearnHub,Campus 75,Arindam_Singh_2K22_EC_049
LearnHub,Campus 76,Arindam_Singh_2K22_EC_049
EduSpace,Campus 77,Arindam_Singh_2K22_EC_049
Knowledge Point,Campus 78,Arindam_Singh_2K22_EC_049
StudyNest,Campus 79,Arindam_Singh_2K22_EC_049
Knowledge Point,Campus 80,Arindam_Singh_2K22_EC_049
EduSpace,Campus 81,Arindam_Singh_2K22_EC_049
LearnHub,Campus 82,Arindam_Singh_2K22_EC_049
StudyNest,Campus 83,Arindam_Singh_2K22_EC_049
StudyNest,Campus 84,Arindam_Singh_2K22_EC_049
EduSpace,Campus 85,Arindam_Singh_2K22_EC_049
Knowledge Point,Campus 86,Arindam_Singh_2K22_EC_049
EduSpace,Campus 87,Arindam_Singh_2K22_EC_049
Knowledge Point,Campus 88,Arindam_Singh_2K22_EC_049
EduSpace,Campus 89,Arindam_Singh_2K22_EC_049
EduSpace,Campus 90,Arindam_Singh_2K22_EC_049
StudyNest,Campus 91,Arindam_Singh_2K22_EC_049
StudyNest,Campus 92,Arindam_Singh_2K22_EC_049
Knowledge Point,Campus 93,Arindam_Singh_2K22_EC_049
StudyNest,Campus 94,Arindam_Singh_2K22_EC_049
Knowledge Point,Campus 95,Arindam_Singh_2K22_EC_049
LearnHub,Campus 96,Arindam_Singh_2K22_EC_049
LearnHub,Campus 97,Arindam_Singh_2K22_EC_049
Knowledge Point,Campus 98,Arindam_Singh_2K22_EC_049
StudyNest,Campus 99,Arindam_Singh_2K22_EC_049
LearnHub,Campus 100,Arindam_Singh_2K22_EC_049
