student_id,student_name,contact_no,university,made_by
1,Ashley Collins,(312)443-2616,University A,Arindam_Singh_2K22_EC_049
2,Samantha Lopez,659.850.9595,University C,Arindam_Singh_2K22_EC_049
3,Timothy Delacruz,(816)629-7279,University D,Arindam_Singh_2K22_EC_049
4,Maria Williams,001-918-535-8739,University A,Arindam_Singh_2K22_EC_049
5,Christopher Hart,837-815-9349,University B,Arindam_Singh_2K22_EC_049
6,Tammy Cunningham,372-328-3520x6969,University B,Arindam_Singh_2K22_EC_049
7,Jaime Morales,567-369-4102x4693,University D,Arindam_Singh_2K22_EC_049
8,Emily Barrett,+1-300-464-8340x1939,University C,Arindam_Singh_2K22_EC_049
9,Brandon Simpson,906.924.7045,University B,Arindam_Singh_2K22_EC_049
10,Michelle Avery,796.648.9419x733,University C,Arindam_Singh_2K22_EC_049
11,Peggy Rojas,(360)709-5504x999,University D,Arindam_Singh_2K22_EC_049
12,Jennifer Jenkins,+1-645-861-4958x22899,University C,Arindam_Singh_2K22_EC_049
13,Mary Jones,453-434-9821x045,University A,Arindam_Singh_2K22_EC_049
14,Jackson Cuevas,(491)960-3487x842,University D,Arindam_Singh_2K22_EC_049
15,Bobby Garcia,508.687.2832x267,University A,Arindam_Singh_2K22_EC_049
16,Steven Johnson,001-301-947-2717x71332,University C,Arindam_Singh_2K22_EC_049
17,David Taylor,216.501.8077x5527,University C,Arindam_Singh_2K22_EC_049
18,Mary Jordan,(505)586-4586,University A,Arindam_Singh_2K22_EC_049
19,Kelly Ramos,001-763-491-2907,University A,Arindam_Singh_2K22_EC_049
20,Christian Lee,+1-521-772-8425x1336,University C,Arindam_Singh_2K22_EC_049
21,Diane Evans,001-553-767-4685x131,University C,Arindam_Singh_2K22_EC_049
22,David Lopez,(215)675-2869,University A,Arindam_Singh_2K22_EC_049
23,William Perez,001-895-953-2034,University B,Arindam_Singh_2K22_EC_049
24,Autumn Anderson,001-457-408-3760x943,University C,Arindam_Singh_2K22_EC_049
25,Jessica Salas,778-966-3483,University B,Arindam_Singh_2K22_EC_049
26,Noah Johnson,8623718511,University C,Arindam_Singh_2K22_EC_049
27,Suzanne Davis,+1-571-839-0516x25013,University D,Arindam_Singh_2K22_EC_049
28,Roy Cooper,642.723.9534x7175,University C,Arindam_Singh_2K22_EC_049
29,Kenneth Anderson,(698)725-0448x570,University D,Arindam_Singh_2K22_EC_049
30,Tara Munoz,595.496.6014x0478,University A,Arindam_Singh_2K22_EC_049
31,Mary Parker,001-786-340-3273x89135,University D,Arindam_Singh_2K22_EC_049
32,Henry Taylor,368-965-0380x5343,University D,Arindam_Singh_2K22_EC_049
33,Keith Martinez,5578616660,University B,Arindam_Singh_2K22_EC_049
34,Brandi Bradley,699-578-9486,University B,Arindam_Singh_2K22_EC_049
35,Tiffany Williams,393-483-2494x89426,University C,Arindam_Singh_2K22_EC_049
36,Mark Snyder,+1-897-278-0130x93253,University B,Arindam_Singh_2K22_EC_049
37,Natalie Franklin,(310)940-8305x6632,University A,Arindam_Singh_2K22_EC_049
38,Erica Burns,(304)877-1912,University D,Arindam_Singh_2K22_EC_049
39,Jared Lewis,+1-531-202-8307,University B,Arindam_Singh_2K22_EC_049
40,Brittany Gordon,392.321.3631x2416,University B,Arindam_Singh_2K22_EC_049
41,Laura Reyes,257.487.9407,University B,Arindam_Singh_2K22_EC_049
42,Amber Stevens,5127161927,University D,Arindam_Singh_2K22_EC_049
43,Randall Hill,7084573112,University A,Arindam_Singh_2K22_EC_049
44,Jennifer Santana,001-837-599-6638x36261,University A,Arindam_Singh_2K22_EC_049
45,Jason Robinson,(470)304-4839,University D,Arindam_Singh_2K22_EC_049
46,Jeremiah Macdonald,854.908.4713,University C,Arindam_Singh_2K22_EC_049
47,Michael Wilson,(420)720-2952,University D,Arindam_Singh_2K22_EC_049
48,Cory Perez,(648)602-2746,University B,Arindam_Singh_2K22_EC_049
49,Terri Mccoy,818.672.7136x96597,University A,Arindam_Singh_2K22_EC_049
50,Terri Buck,239.541.4324,University A,Arindam_Singh_2K22_EC_049
51,Heidi Holden,881.499.1111x903,University B,Arindam_Singh_2K22_EC_049
52,Sara Odonnell,410.906.9946x277,University D,Arindam_Singh_2K22_EC_049
53,Jason Thompson,958.559.0785x4773,University B,Arindam_Singh_2K22_EC_049
54,Tanya Vang,685.360.0035,University B,Arindam_Singh_2K22_EC_049
55,Nicholas Wilson,790-630-0396,University C,Arindam_Singh_2K22_EC_049
56,Ryan Joyce,656-306-6940,University D,Arindam_Singh_2K22_EC_049
57,Taylor Dillon,+1-705-848-7403x3877,University C,Arindam_Singh_2K22_EC_049
58,Karen Jackson,001-434-894-7785,University A,Arindam_Singh_2K22_EC_049
59,Steven Mullins,+1-368-260-6693x94709,University A,Arindam_Singh_2K22_EC_049
60,Brian Landry,(576)416-2492,University A,Arindam_Singh_2K22_EC_049
61,Sarah Hernandez,(762)459-6281,University D,Arindam_Singh_2K22_EC_049
62,Steven Hodges,(894)974-1074x710,University D,Arindam_Singh_2K22_EC_049
63,Justin Frost,743.732.5585x482,University C,Arindam_Singh_2K22_EC_049
64,Jessica Hill,839.968.5023x892,University D,Arindam_Singh_2K22_EC_049
65,Jennifer Austin,+1-857-690-3116x572,University B,Arindam_Singh_2K22_EC_049
66,Amy Park,390-601-7046,University A,Arindam_Singh_2K22_EC_049
67,Megan Jones,942.555.6111x53013,University D,Arindam_Singh_2K22_EC_049
68,Anne Parrish,907.810.8348,University D,Arindam_Singh_2K22_EC_049
69,Chase Erickson,814-337-7907x44379,University D,Arindam_Singh_2K22_EC_049
70,Courtney Mcdowell,+1-421-869-9027,University C,Arindam_Singh_2K22_EC_049
71,Victor Coleman,424-238-4483x78892,University D,Arindam_Singh_2K22_EC_049
72,Mr. Richard Zuniga DDS,001-575-599-0958x3163,University A,Arindam_Singh_2K22_EC_049
73,Oscar Jackson,741-667-4348x411,University A,Arindam_Singh_2K22_EC_049
74,Deanna King,2996480758,University C,Arindam_Singh_2K22_EC_049
75,Ronald Lewis,903.646.8013,University B,Arindam_Singh_2K22_EC_049
76,Lindsey Fox,798-671-5086x366,University C,Arindam_Singh_2K22_EC_049
77,Maria Taylor,001-232-678-6422x96141,University D,Arindam_Singh_2K22_EC_049
78,Tony Ortiz,+1-256-824-2477,University B,Arindam_Singh_2K22_EC_049
79,Darrell Randolph,508-623-6459,University C,Arindam_Singh_2K22_EC_049
80,Mary Murillo,001-741-995-0710x46994,University D,Arindam_Singh_2K22_EC_049
81,Brett Young,632-925-5517,University B,Arindam_Singh_2K22_EC_049
82,Robin Nelson,902-335-2260,University A,Arindam_Singh_2K22_EC_049
83,Emily Smith,283.247.3618,University B,Arindam_Singh_2K22_EC_049
84,Melanie Mcneil,926-693-4759,University A,Arindam_Singh_2K22_EC_049
85,Kimberly Coleman,(340)799-9702,University D,Arindam_Singh_2K22_EC_049
86,David Thomas,519-512-3466,University B,Arindam_Singh_2K22_EC_049
87,Caleb Phillips,7939278930,University C,Arindam_Singh_2K22_EC_049
88,Claudia Lopez,438.525.7169x677,University D,Arindam_Singh_2K22_EC_049
89,Joshua Watkins,501-670-4085,University A,Arindam_Singh_2K22_EC_049
90,Natalie Wilcox,746-332-4195x6371,University D,Arindam_Singh_2K22_EC_049
91,Kendra Parker,+1-890-438-8162,University C,Arindam_Singh_2K22_EC_049
92,Austin Brooks,426-949-4326x9290,University C,Arindam_Singh_2K22_EC_049
93,Michael Wilson,001-269-877-4270x15508,University D,Arindam_Singh_2K22_EC_049
94,Jerry Nicholson,566.337.9530x099,University B,Arindam_Singh_2K22_EC_049
95,Melinda Spears,(886)271-3593x245,University B,Arindam_Singh_2K22_EC_049
96,Jimmy Moon,+1-461-502-0328x584,University D,Arindam_Singh_2K22_EC_049
97,Travis Edwards,001-401-308-2372x700,University D,Arindam_Singh_2K22_EC_049
98,Collin Wall,942-511-1111,University A,Arindam_Singh_2K22_EC_049
99,Melissa Wilson,508-774-1967,University A,Arindam_Singh_2K22_EC_049
100,Michael Spence,+1-928-274-9008x8684,University D,Arindam_Singh_2K22_EC_049
